{
  "train_losses": [
    1.0066446962356568,
    0.7793160526752472,
    0.6923937566280365,
    0.6671874899864196,
    0.6108108417987823,
    0.6191292688846588,
    0.5442414860725403,
    0.5284151904582978,
    0.49171166849136355,
    0.45008536660671233,
    0.4445188547372818,
    0.42687593507766725,
    0.4012296209335327,
    0.37207845914363863,
    0.34675444233417513,
    0.3430414409637451,
    0.3098055535554886,
    0.30486115634441374,
    0.30248768377304075,
    0.305920187830925
  ],
  "val_accuracies": [
    0.5437500000000001,
    0.5125000000000001,
    0.46875,
    0.6312500000000001,
    0.53125,
    0.50625,
    0.49375,
    0.5625,
    0.6625000000000001,
    0.65625,
    0.6937500000000001,
    0.6937500000000001,
    0.70625,
    0.6625000000000001,
    0.65625,
    0.675,
    0.65,
    0.68125,
    0.7125,
    0.71875
  ],
  "best_accuracy": 0.71875
}